EPOCHS,MODEL,CUSTOM EMBEDDING,OPTIM,OUTPUT_SIZE,BATCH_SIZE,ACC_TRAIN,ACC_TEST,ERROR_TRAIN,ERROR_TEST
1,RNN,True,"ADAM,0.001",16,50,50.4594624042511,50.545454025268555,0.6978697180747986,0.6945657134056091
2,RNN,True,"ADAM,0.001",16,50,52.94144153594971,50.39545297622681,0.6912322640419006,0.6943324208259583
3,RNN,True,"ADAM,0.001",16,50,53.60360145568848,54.51818108558655,0.6900586485862732,0.6919043064117432
4,RNN,True,"ADAM,0.001",16,50,53.62161993980408,50.92272758483887,0.6892220377922058,0.6947879195213318
5,RNN,True,"ADAM,0.001",16,50,52.923423051834106,51.004546880722046,0.6898120641708374,0.6934338212013245
6,RNN,True,"ADAM,0.001",16,50,52.698200941085815,50.97727179527283,0.6899139881134033,0.6969539523124695
7,RNN,True,"ADAM,0.001",16,50,53.99549603462219,51.06818079948425,0.6878176927566528,0.7012823224067688
8,RNN,True,"ADAM,0.001",16,50,54.38738465309143,52.372729778289795,0.6860647797584534,0.6933656930923462
9,RNN,True,"ADAM,0.001",16,50,55.450451374053955,51.168179512023926,0.6829935312271118,0.7115718722343445
10,RNN,True,"ADAM,0.001",16,50,54.23423647880554,50.57727098464966,0.6877408623695374,0.7470700144767761
11,RNN,True,"ADAM,0.001",16,50,50.88288187980652,50.5545437335968,0.6939056515693665,0.693436861038208
12,RNN,True,"ADAM,0.001",16,50,51.36036276817322,49.827271699905396,0.6924933195114136,0.6940315961837769
13,RNN,True,"ADAM,0.001",16,50,52.698200941085815,50.26363730430603,0.6908498406410217,0.6945198178291321
14,RNN,True,"ADAM,0.001",16,50,52.405405044555664,50.54090619087219,0.6902379393577576,0.6965545415878296
15,RNN,True,"ADAM,0.001",16,50,53.162163496017456,51.154547929763794,0.6889106631278992,0.6957324743270874
1,RNN,True,"ADAM,0.001",16,100,50.75225234031677,51.34545564651489,0.698153018951416,0.6928658485412598
2,RNN,True,"ADAM,0.001",16,100,53.581082820892334,53.53636145591736,0.6891374588012695,0.6912247538566589
3,RNN,True,"ADAM,0.001",16,100,54.2072057723999,50.05909204483032,0.6878390908241272,0.694863498210907
4,RNN,True,"ADAM,0.001",16,100,54.067569971084595,53.18182110786438,0.6874278783798218,0.6909611225128174
5,RNN,True,"ADAM,0.001",16,100,54.41892147064209,50.90454816818237,0.6868882775306702,0.6942727565765381
6,RNN,True,"ADAM,0.001",16,100,54.315316677093506,53.186362981796265,0.6871310472488403,0.6913575530052185
7,RNN,True,"ADAM,0.001",16,100,55.25675415992737,55.581820011138916,0.6838138103485107,0.684980571269989
8,RNN,True,"ADAM,0.001",16,100,57.72522687911987,55.02727031707764,0.6774392127990723,0.6901389956474304
9,RNN,True,"ADAM,0.001",16,100,56.4774751663208,56.78636431694031,0.6806033849716187,0.6848610639572144
10,RNN,True,"ADAM,0.001",16,100,54.87837791442871,50.73181986808777,0.6853466033935547,0.6955790519714355
11,RNN,True,"ADAM,0.001",16,100,54.07207012176514,49.69545602798462,0.6883088946342468,0.6977729201316833
12,RNN,True,"ADAM,0.001",16,100,53.64865064620972,50.890910625457764,0.6880611181259155,0.6963087320327759
13,RNN,True,"ADAM,0.001",16,100,54.48648929595947,51.13636255264282,0.6855621337890625,0.696823239326477
14,RNN,True,"ADAM,0.001",16,100,55.13513684272766,51.47727131843567,0.6834518313407898,0.6981410384178162
15,RNN,True,"ADAM,0.001",16,100,55.82882761955261,52.58181691169739,0.6811952590942383,0.6957343220710754
1,RNN,True,"ADAM,0.001",32,50,50.65315365791321,51.05000138282776,0.7000588774681091,0.6928512454032898
2,RNN,True,"ADAM,0.001",32,50,53.2747745513916,51.568180322647095,0.6901586055755615,0.6940604448318481
3,RNN,True,"ADAM,0.001",32,50,52.927929162979126,51.34090781211853,0.6900303959846497,0.6931750774383545
4,RNN,True,"ADAM,0.001",32,50,54.5945942401886,50.81818103790283,0.6869950890541077,0.6935989856719971
5,RNN,True,"ADAM,0.001",32,50,53.6981999874115,55.51363825798035,0.6886805891990662,0.6858826875686646
6,RNN,True,"ADAM,0.001",32,50,55.37837743759155,55.64091205596924,0.6844589114189148,0.6876490712165833
7,RNN,True,"ADAM,0.001",32,50,56.10360503196716,52.83636450767517,0.6828976273536682,0.6994103193283081
8,RNN,True,"ADAM,0.001",32,50,54.518020153045654,52.85909175872803,0.6858506798744202,0.6956782341003418
9,RNN,True,"ADAM,0.001",32,50,54.783785343170166,50.68181753158569,0.6859527230262756,0.6964917778968811
10,RNN,True,"ADAM,0.001",32,50,54.79279160499573,53.70454788208008,0.6854943633079529,0.6941652297973633
11,RNN,True,"ADAM,0.001",32,50,56.4594566822052,52.854543924331665,0.6802486777305603,0.6952646970748901
12,RNN,True,"ADAM,0.001",32,50,57.24324584007263,55.1727294921875,0.6775973439216614,0.6901977062225342
13,RNN,True,"ADAM,0.001",32,50,56.373876333236694,56.686365604400635,0.6793444752693176,0.6860396862030029
14,RNN,True,"ADAM,0.001",32,50,58.13964009284973,53.45454812049866,0.6730988025665283,0.6941868662834167
15,RNN,True,"ADAM,0.001",32,50,58.61711502075195,53.26363444328308,0.671418309211731,0.6951262950897217
1,RNN,True,"ADAM,0.001",32,100,50.24324059486389,51.20454430580139,0.7000913023948669,0.693232536315918
2,RNN,True,"ADAM,0.001",32,100,52.878379821777344,50.213634967803955,0.6913087368011475,0.6935679912567139
3,RNN,True,"ADAM,0.001",32,100,52.27477550506592,50.96818208694458,0.6918392181396484,0.6941064596176147
4,RNN,True,"ADAM,0.001",32,100,52.72071957588196,51.099997758865356,0.6912994384765625,0.695079505443573
5,RNN,True,"ADAM,0.001",32,100,53.50900888442993,52.399998903274536,0.6891449689865112,0.6951705813407898
6,RNN,True,"ADAM,0.001",32,100,54.297298192977905,51.318180561065674,0.687706470489502,0.6957554817199707
7,RNN,True,"ADAM,0.001",32,100,53.554052114486694,50.72273015975952,0.688227117061615,0.6945061683654785
8,RNN,True,"ADAM,0.001",32,100,54.954952001571655,53.06817889213562,0.6847926378250122,0.6945782899856567
9,RNN,True,"ADAM,0.001",32,100,55.62162399291992,54.00909185409546,0.682515025138855,0.6915139555931091
10,RNN,True,"ADAM,0.001",32,100,54.30630445480347,50.63636302947998,0.6857657432556152,0.6968061327934265
11,RNN,True,"ADAM,0.001",32,100,54.30630445480347,53.82727384567261,0.6866343021392822,0.6949619054794312
12,RNN,True,"ADAM,0.001",32,100,53.76576781272888,49.90000128746033,0.6889069676399231,0.6984808444976807
13,RNN,True,"ADAM,0.001",32,100,54.310810565948486,50.6954550743103,0.6860698461532593,0.6995709538459778
14,RNN,True,"ADAM,0.001",32,100,55.47747611999512,51.25908851623535,0.6829294562339783,0.6995468735694885
15,RNN,True,"ADAM,0.001",32,100,55.94594478607178,51.5181839466095,0.6803501844406128,0.699325442314148
1,RNN,True,"ADAM,0.0001",16,50,50.27927756309509,50.3818154335022,0.6961714029312134,0.6944604516029358
2,RNN,True,"ADAM,0.0001",16,50,51.55856013298035,50.49545168876648,0.6926785111427307,0.6942986845970154
3,RNN,True,"ADAM,0.0001",16,50,52.2342324256897,50.80454349517822,0.6913669109344482,0.6944727301597595
4,RNN,True,"ADAM,0.0001",16,50,52.7117133140564,50.6636381149292,0.6907241940498352,0.6960169076919556
5,RNN,True,"ADAM,0.0001",16,50,52.75225043296814,51.06363892555237,0.6900991201400757,0.6942528486251831
6,RNN,True,"ADAM,0.0001",16,50,53.117114305496216,51.195454597473145,0.6893939971923828,0.6947590708732605
7,RNN,True,"ADAM,0.0001",16,50,53.72522473335266,51.54091119766235,0.6886442303657532,0.6948623657226562
8,RNN,True,"ADAM,0.0001",16,50,53.69369387626648,51.459091901779175,0.6878437995910645,0.6942305564880371
9,RNN,True,"ADAM,0.0001",16,50,54.279279708862305,51.763635873794556,0.6867850422859192,0.6942128539085388
10,RNN,True,"ADAM,0.0001",16,50,54.43243384361267,51.918184757232666,0.6862264275550842,0.694111168384552
11,RNN,True,"ADAM,0.0001",16,50,55.05855679512024,52.42272615432739,0.6851487159729004,0.6938204765319824
12,RNN,True,"ADAM,0.0001",16,50,55.198198556900024,52.87272930145264,0.6837497353553772,0.6936764121055603
13,RNN,True,"ADAM,0.0001",16,50,55.59008717536926,53.91818284988403,0.6822293400764465,0.6921929121017456
14,RNN,True,"ADAM,0.0001",16,50,56.09009265899658,54.53181862831116,0.6803852319717407,0.6900110244750977
15,RNN,True,"ADAM,0.0001",16,50,58.15765857696533,60.42272448539734,0.6720759272575378,0.6678432822227478
1,RNN,True,"ADAM,0.0001",16,100,50.84684491157532,50.49545168876648,0.6958163380622864,0.6953076720237732
2,RNN,True,"ADAM,0.0001",16,100,52.49999761581421,50.44545531272888,0.6915297508239746,0.6946484446525574
3,RNN,True,"ADAM,0.0001",16,100,52.81981825828552,50.96363425254822,0.6902632713317871,0.6950051188468933
4,RNN,True,"ADAM,0.0001",16,100,53.599101305007935,51.17727518081665,0.6890100836753845,0.6950761675834656
5,RNN,True,"ADAM,0.0001",16,100,53.70720624923706,51.10454559326172,0.6880794167518616,0.6945064067840576
6,RNN,True,"ADAM,0.0001",16,100,54.79729771614075,51.181817054748535,0.6867892742156982,0.6951802968978882
7,RNN,True,"ADAM,0.0001",16,100,54.66216206550598,51.62727236747742,0.6856437921524048,0.6942782998085022
8,RNN,True,"ADAM,0.0001",16,100,54.945945739746094,52.03636288642883,0.6844598650932312,0.6950455904006958
9,RNN,True,"ADAM,0.0001",16,100,55.80180287361145,52.39545702934265,0.6831534504890442,0.6941875219345093
10,RNN,True,"ADAM,0.0001",16,100,55.82432150840759,52.990907430648804,0.6819794774055481,0.6934970617294312
11,RNN,True,"ADAM,0.0001",16,100,56.05405569076538,53.40454578399658,0.6807434558868408,0.692413866519928
12,RNN,True,"ADAM,0.0001",16,100,56.9729745388031,54.76818084716797,0.6778518557548523,0.6894750595092773
13,RNN,True,"ADAM,0.0001",16,100,59.162163734436035,61.21363639831543,0.6678870320320129,0.6628556847572327
14,RNN,True,"ADAM,0.0001",16,100,62.23423480987549,62.422728538513184,0.651721715927124,0.6520097851753235
15,RNN,True,"ADAM,0.0001",16,100,63.5045051574707,61.72272562980652,0.6445277333259583,0.6546309590339661
1,RNN,True,"ADAM,0.0001",32,50,50.28828978538513,51.236361265182495,0.6963161826133728,0.693406879901886
2,RNN,True,"ADAM,0.0001",32,50,52.666664123535156,51.68636441230774,0.6914037466049194,0.6936284899711609
3,RNN,True,"ADAM,0.0001",32,50,53.73873710632324,51.45454406738281,0.6891680955886841,0.6941418051719666
4,RNN,True,"ADAM,0.0001",32,50,54.5585572719574,51.42727494239807,0.6875180006027222,0.6947559118270874
5,RNN,True,"ADAM,0.0001",32,50,54.977476596832275,52.8181791305542,0.6855214834213257,0.6927787065505981
6,RNN,True,"ADAM,0.0001",32,50,56.27477765083313,54.945456981658936,0.682171106338501,0.6878191232681274
7,RNN,True,"ADAM,0.0001",32,50,59.67116951942444,60.3954553604126,0.6668462157249451,0.6688458323478699
8,RNN,True,"ADAM,0.0001",32,50,61.288291215896606,62.272727489471436,0.6558040976524353,0.6584852933883667
9,RNN,True,"ADAM,0.0001",32,50,62.74324059486389,61.609089374542236,0.6487036347389221,0.66614830493927
10,RNN,True,"ADAM,0.0001",32,50,62.864863872528076,63.0227267742157,0.6473531723022461,0.6498201489448547
11,RNN,True,"ADAM,0.0001",32,50,63.945943117141724,63.82727026939392,0.6410980224609375,0.6447613835334778
12,RNN,True,"ADAM,0.0001",32,50,64.02252316474915,63.13636302947998,0.6370401978492737,0.6507954597473145
13,RNN,True,"ADAM,0.0001",32,50,64.68468308448792,64.43636417388916,0.6358135938644409,0.6393488049507141
14,RNN,True,"ADAM,0.0001",32,50,64.93242979049683,59.259092807769775,0.6327028274536133,0.6866667866706848
15,RNN,True,"ADAM,0.0001",32,50,65.08108377456665,65.12272953987122,0.6317814588546753,0.6362241506576538
1,RNN,True,"ADAM,0.0001",32,100,50.581079721450806,50.700002908706665,0.6974418759346008,0.6958313584327698
2,RNN,True,"ADAM,0.0001",32,100,52.05405354499817,51.16363763809204,0.6914370656013489,0.694606602191925
3,RNN,True,"ADAM,0.0001",32,100,53.26126217842102,51.01363658905029,0.6893149018287659,0.6957827210426331
4,RNN,True,"ADAM,0.0001",32,100,53.99098992347717,51.06818079948425,0.6874657869338989,0.6954604387283325
5,RNN,True,"ADAM,0.0001",32,100,54.90090250968933,51.92272663116455,0.6860496401786804,0.6949611902236938
6,RNN,True,"ADAM,0.0001",32,100,55.17117381095886,52.204543352127075,0.6845580339431763,0.6946815252304077
7,RNN,True,"ADAM,0.0001",32,100,55.73423504829407,52.89090871810913,0.6829135417938232,0.6935908794403076
8,RNN,True,"ADAM,0.0001",32,100,56.52702450752258,54.168182611465454,0.6799908876419067,0.6916650533676147
9,RNN,True,"ADAM,0.0001",32,100,58.77928137779236,57.15454816818237,0.6721047163009644,0.6777967214584351
10,RNN,True,"ADAM,0.0001",32,100,62.49549388885498,61.15454435348511,0.6506060361862183,0.6663396954536438
11,RNN,True,"ADAM,0.0001",32,100,63.545042276382446,64.07727003097534,0.6412542462348938,0.6431453227996826
12,RNN,True,"ADAM,0.0001",32,100,64.30630683898926,64.16363716125488,0.6351786851882935,0.6401054263114929
13,RNN,True,"ADAM,0.0001",32,100,64.70720767974854,63.01363706588745,0.6319940090179443,0.6539443731307983
14,RNN,True,"ADAM,0.0001",32,100,65.3513491153717,64.87727165222168,0.6287275552749634,0.6360217928886414
15,RNN,True,"ADAM,0.0001",32,100,65.50450325012207,65.13636112213135,0.6262189149856567,0.6371778249740601
1,RNN,False,"ADAM,0.001",16,50,55.229729413986206,66.00909233093262,0.682126522064209,0.6276549100875854
2,RNN,False,"ADAM,0.001",16,50,65.52702784538269,62.300002574920654,0.6324514150619507,0.6570194363594055
3,RNN,False,"ADAM,0.001",16,50,69.48648691177368,66.56818389892578,0.5975956320762634,0.6326696872711182
4,RNN,False,"ADAM,0.001",16,50,65.61261415481567,51.67727470397949,0.6170345544815063,0.6935148239135742
5,RNN,False,"ADAM,0.001",16,50,56.99999928474426,52.33636498451233,0.6770046949386597,0.695946455001831
6,RNN,False,"ADAM,0.001",16,50,58.93242955207825,55.59090971946716,0.6571633815765381,0.6972428560256958
7,RNN,False,"ADAM,0.001",16,50,67.35135316848755,62.58181929588318,0.6036425828933716,0.6625027060508728
8,RNN,False,"ADAM,0.001",16,50,62.79729604721069,53.63636612892151,0.6332207918167114,0.7060244679450989
9,RNN,False,"ADAM,0.001",16,50,60.959458351135254,55.60454726219177,0.6417617797851562,0.7069002985954285
10,RNN,False,"ADAM,0.001",16,50,64.7882878780365,64.37727212905884,0.6119421720504761,0.6660829186439514
1,RNN,False,"ADAM,0.001",16,100,55.63964247703552,57.50908851623535,0.683287501335144,0.6783073544502258
2,RNN,False,"ADAM,0.001",16,100,65.94144105911255,66.02727174758911,0.6269795298576355,0.6330063343048096
3,RNN,False,"ADAM,0.001",16,100,69.63062882423401,59.93182063102722,0.5962546467781067,0.6911414265632629
4,RNN,False,"ADAM,0.001",16,100,63.09459209442139,58.41818451881409,0.6361954808235168,0.6843948364257812
5,RNN,False,"ADAM,0.001",16,100,68.0630624294281,61.622726917266846,0.6002766489982605,0.6782973408699036
6,RNN,False,"ADAM,0.001",16,100,71.3558554649353,63.5272741317749,0.5725620985031128,0.6720350980758667
7,RNN,False,"ADAM,0.001",16,100,73.09459447860718,67.17727184295654,0.5556982159614563,0.6402241587638855
8,RNN,False,"ADAM,0.001",16,100,74.64414238929749,68.01363825798035,0.539551317691803,0.6359075903892517
9,RNN,False,"ADAM,0.001",16,100,73.77477288246155,66.6772723197937,0.5491207838058472,0.6560764908790588
10,RNN,False,"ADAM,0.001",16,100,71.59459590911865,57.74545669555664,0.5624366402626038,0.6861920356750488
1,RNN,False,"ADAM,0.001",32,50,53.594595193862915,53.11363339424133,0.6888126134872437,0.6912344694137573
2,RNN,False,"ADAM,0.001",32,50,57.65315294265747,51.56363844871521,0.6753145456314087,0.6929466128349304
3,RNN,False,"ADAM,0.001",32,50,56.48648738861084,51.513636112213135,0.6750071048736572,0.700343668460846
4,RNN,False,"ADAM,0.001",32,50,57.56756663322449,51.93636417388916,0.6646430492401123,0.7073186039924622
5,RNN,False,"ADAM,0.001",32,50,57.46846795082092,51.71363353729248,0.6604645848274231,0.7117113471031189
6,RNN,False,"ADAM,0.001",32,50,58.03603529930115,52.20909118652344,0.657795250415802,0.7121163010597229
7,RNN,False,"ADAM,0.001",32,50,57.82883167266846,51.95000171661377,0.653407633304596,0.7163167595863342
8,RNN,False,"ADAM,0.001",32,50,58.477479219436646,52.218180894851685,0.6519060730934143,0.723242461681366
9,RNN,False,"ADAM,0.001",32,50,58.08107852935791,51.66817903518677,0.6504806876182556,0.7255605459213257
10,RNN,False,"ADAM,0.001",32,50,58.450448513031006,52.12727189064026,0.6483397483825684,0.7255142331123352
1,RNN,False,"ADAM,0.001",32,100,55.671173334121704,64.25454616546631,0.6819090247154236,0.6414295434951782
2,RNN,False,"ADAM,0.001",32,100,64.18468356132507,59.79999899864197,0.6401233077049255,0.6711418032646179
3,RNN,False,"ADAM,0.001",32,100,65.30179977416992,66.42727255821228,0.6255607008934021,0.6426270008087158
4,RNN,False,"ADAM,0.001",32,100,69.59009170532227,65.25909304618835,0.5855244994163513,0.6418017148971558
5,RNN,False,"ADAM,0.001",32,100,72.60810732841492,55.21363615989685,0.556377112865448,0.7441604137420654
6,RNN,False,"ADAM,0.001",32,100,64.45946097373962,66.76363348960876,0.6157447695732117,0.6510826945304871
7,RNN,False,"ADAM,0.001",32,100,67.33333468437195,63.00908923149109,0.5991895794868469,0.6797976493835449
8,RNN,False,"ADAM,0.001",32,100,72.24324345588684,66.74090623855591,0.5559968948364258,0.6510186195373535
9,RNN,False,"ADAM,0.001",32,100,75.40990710258484,64.23181891441345,0.523018479347229,0.6898381114006042
10,RNN,False,"ADAM,0.001",32,100,72.83783555030823,63.27272653579712,0.5457432866096497,0.7112284302711487
1,RNN,False,"ADAM,0.0001",16,50,51.66216492652893,52.204543352127075,0.6919733285903931,0.6912028193473816
2,RNN,False,"ADAM,0.0001",16,50,61.73423528671265,73.52272868156433,0.6526021361351013,0.5428692102432251
3,RNN,False,"ADAM,0.0001",16,50,78.68918776512146,77.74090766906738,0.470180869102478,0.4903225600719452
4,RNN,False,"ADAM,0.0001",16,50,81.84234499931335,78.89545559883118,0.4228459894657135,0.47221750020980835
5,RNN,False,"ADAM,0.0001",16,50,83.13513398170471,78.99545431137085,0.4024449586868286,0.4749535918235779
6,RNN,False,"ADAM,0.0001",16,50,83.75675678253174,78.87272834777832,0.39137372374534607,0.47277551889419556
7,RNN,False,"ADAM,0.0001",16,50,84.2612624168396,78.48636507987976,0.3842231333255768,0.4827677607536316
8,RNN,False,"ADAM,0.0001",16,50,84.51351523399353,78.48636507987976,0.3776252269744873,0.4963834583759308
9,RNN,False,"ADAM,0.0001",16,50,84.70720648765564,78.972727060318,0.3745846748352051,0.48204851150512695
10,RNN,False,"ADAM,0.0001",16,50,85.00900864601135,78.82272601127625,0.36929190158843994,0.483022540807724
1,RNN,False,"ADAM,0.0001",16,100,51.977479457855225,52.72272825241089,0.6916826367378235,0.6904913187026978
2,RNN,False,"ADAM,0.0001",16,100,64.73873853683472,74.0045428276062,0.619098424911499,0.5385394096374512
3,RNN,False,"ADAM,0.0001",16,100,79.37837839126587,78.1181812286377,0.4605831205844879,0.48382243514060974
4,RNN,False,"ADAM,0.0001",16,100,81.8648636341095,78.65909337997437,0.4242279529571533,0.47651252150535583
5,RNN,False,"ADAM,0.0001",16,100,83.16216468811035,78.37727069854736,0.4049815237522125,0.48139992356300354
6,RNN,False,"ADAM,0.0001",16,100,83.51351618766785,78.57727408409119,0.39642420411109924,0.48136281967163086
7,RNN,False,"ADAM,0.0001",16,100,84.16666388511658,78.71363759040833,0.38765138387680054,0.4818766415119171
8,RNN,False,"ADAM,0.0001",16,100,84.56756472587585,78.71363759040833,0.38171619176864624,0.4824783205986023
9,RNN,False,"ADAM,0.0001",16,100,84.90540385246277,78.6227285861969,0.376335084438324,0.48860377073287964
10,RNN,False,"ADAM,0.0001",16,100,85.29279232025146,78.58181595802307,0.3720242977142334,0.5003008842468262
1,RNN,False,"ADAM,0.0001",32,50,52.14414596557617,53.94999980926514,0.6916239261627197,0.6883297562599182
2,RNN,False,"ADAM,0.0001",32,50,72.55855798721313,77.76363492012024,0.5421146154403687,0.4853275716304779
3,RNN,False,"ADAM,0.0001",32,50,81.09459280967712,78.71363759040833,0.43111491203308105,0.469219833612442
4,RNN,False,"ADAM,0.0001",32,50,82.8153133392334,79.00909185409546,0.40486565232276917,0.47061413526535034
5,RNN,False,"ADAM,0.0001",32,50,83.59909653663635,78.55908870697021,0.39180639386177063,0.4911973774433136
6,RNN,False,"ADAM,0.0001",32,50,84.05855894088745,77.82727479934692,0.38281750679016113,0.47910115122795105
7,RNN,False,"ADAM,0.0001",32,50,84.53603386878967,78.38181853294373,0.3740472197532654,0.4702622592449188
8,RNN,False,"ADAM,0.0001",32,50,84.72522497177124,78.58181595802307,0.37163615226745605,0.4737362265586853
9,RNN,False,"ADAM,0.0001",32,50,85.04955172538757,78.96817922592163,0.366066575050354,0.4792887270450592
10,RNN,False,"ADAM,0.0001",32,50,85.2837860584259,78.39090824127197,0.36169207096099854,0.4771445095539093
1,RNN,False,"ADAM,0.0001",32,100,52.171170711517334,53.73636484146118,0.691636860370636,0.6895434856414795
2,RNN,False,"ADAM,0.0001",32,100,70.20720839500427,77.71363854408264,0.5676851868629456,0.4856938421726227
3,RNN,False,"ADAM,0.0001",32,100,80.63964247703552,78.76818180084229,0.43542012572288513,0.46854260563850403
4,RNN,False,"ADAM,0.0001",32,100,82.7792763710022,78.94999980926514,0.40509042143821716,0.4639202058315277
5,RNN,False,"ADAM,0.0001",32,100,83.48197937011719,78.97727489471436,0.38904091715812683,0.4805842936038971
6,RNN,False,"ADAM,0.0001",32,100,84.29279327392578,79.02272939682007,0.3801288306713104,0.48651668429374695
7,RNN,False,"ADAM,0.0001",32,100,84.53153371810913,79.03181910514832,0.3747454583644867,0.47540831565856934
8,RNN,False,"ADAM,0.0001",32,100,84.8963975906372,79.12272810935974,0.36792585253715515,0.47777050733566284
9,RNN,False,"ADAM,0.0001",32,100,85.36036014556885,79.21363711357117,0.361693799495697,0.47446614503860474
10,RNN,False,"ADAM,0.0001",32,100,85.35135388374329,78.91363501548767,0.35966017842292786,0.4788692593574524
1,LSTM,True,"ADAM,0.001",16,50,51.62612795829773,52.590906620025635,0.692598819732666,0.6914086937904358
2,LSTM,True,"ADAM,0.001",16,50,61.53603792190552,66.48181676864624,0.6510883569717407,0.6150358319282532
3,LSTM,True,"ADAM,0.001",16,50,69.7702705860138,70.65454721450806,0.5819895267486572,0.5623286962509155
4,LSTM,True,"ADAM,0.001",16,50,74.76576566696167,73.32272529602051,0.513481080532074,0.5290669202804565
5,LSTM,True,"ADAM,0.001",16,50,77.2702693939209,75.02727508544922,0.4713495373725891,0.5054795145988464
6,LSTM,True,"ADAM,0.001",16,50,79.13063168525696,75.66817998886108,0.4428684711456299,0.49748143553733826
7,LSTM,True,"ADAM,0.001",16,50,80.29729723930359,74.97727274894714,0.4223635792732239,0.5098350644111633
8,LSTM,True,"ADAM,0.001",16,50,81.25225305557251,75.9954571723938,0.4076940715312958,0.4951142966747284
9,LSTM,True,"ADAM,0.001",16,50,82.39189386367798,76.36818289756775,0.38947051763534546,0.5111169815063477
10,LSTM,True,"ADAM,0.001",16,50,83.05855989456177,76.09545588493347,0.37619999051094055,0.5127733945846558
11,LSTM,True,"ADAM,0.001",16,50,84.02252197265625,76.49545669555664,0.36286038160324097,0.5216171145439148
12,LSTM,True,"ADAM,0.001",16,50,84.40540432929993,75.48636198043823,0.35053232312202454,0.5424748659133911
13,LSTM,True,"ADAM,0.001",16,50,85.00900864601135,73.90454411506653,0.3387490212917328,0.571519672870636
14,LSTM,True,"ADAM,0.001",16,50,85.50450205802917,75.83181858062744,0.32683065533638,0.5453007221221924
15,LSTM,True,"ADAM,0.001",16,50,85.99549531936646,75.10454654693604,0.3178597390651703,0.5622552037239075
1,LSTM,True,"ADAM,0.001",16,100,53.78378629684448,53.87272834777832,0.6877370476722717,0.6999932527542114
2,LSTM,True,"ADAM,0.001",16,100,64.527028799057,66.07272624969482,0.636176347732544,0.6162243485450745
3,LSTM,True,"ADAM,0.001",16,100,70.15765905380249,71.29545211791992,0.5714105367660522,0.5574076771736145
4,LSTM,True,"ADAM,0.001",16,100,74.46396350860596,73.7500011920929,0.51316237449646,0.5193626284599304
5,LSTM,True,"ADAM,0.001",16,100,76.78828835487366,73.781818151474,0.4763128161430359,0.5153140425682068
6,LSTM,True,"ADAM,0.001",16,100,78.65315079689026,75.24999976158142,0.45026886463165283,0.4984971880912781
7,LSTM,True,"ADAM,0.001",16,100,79.60810661315918,75.62727332115173,0.4295174479484558,0.49858546257019043
8,LSTM,True,"ADAM,0.001",16,100,80.6171178817749,75.73636174201965,0.4126214385032654,0.5003885626792908
9,LSTM,True,"ADAM,0.001",16,100,81.62612318992615,75.84999799728394,0.3959865868091583,0.4984683394432068
10,LSTM,True,"ADAM,0.001",16,100,82.36486315727234,75.84545612335205,0.3851405084133148,0.4953385293483734
11,LSTM,True,"ADAM,0.001",16,100,82.91891813278198,75.98181962966919,0.3753153681755066,0.5019926428794861
12,LSTM,True,"ADAM,0.001",16,100,83.72071981430054,75.83181858062744,0.3602343797683716,0.5176710486412048
13,LSTM,True,"ADAM,0.001",16,100,84.3153178691864,75.74545741081238,0.34939438104629517,0.5296553373336792
14,LSTM,True,"ADAM,0.001",16,100,84.88288521766663,75.73636174201965,0.33827346563339233,0.523017406463623
15,LSTM,True,"ADAM,0.001",16,100,84.94594693183899,76.25908851623535,0.33192890882492065,0.5360341668128967
1,LSTM,True,"ADAM,0.001",32,50,53.396397829055786,59.036362171173096,0.6887805461883545,0.6706103682518005
2,LSTM,True,"ADAM,0.001",32,50,65.49549698829651,68.86818408966064,0.6219522953033447,0.5889555215835571
3,LSTM,True,"ADAM,0.001",32,50,72.76126146316528,72.61363863945007,0.539836049079895,0.5378716588020325
4,LSTM,True,"ADAM,0.001",32,50,76.36036276817322,74.63181614875793,0.488112211227417,0.5226668119430542
5,LSTM,True,"ADAM,0.001",32,50,78.57657670974731,75.5545437335968,0.451730877161026,0.4993699789047241
6,LSTM,True,"ADAM,0.001",32,50,80.37837743759155,75.74545741081238,0.41894635558128357,0.5013256669044495
7,LSTM,True,"ADAM,0.001",32,50,81.84234499931335,75.79091191291809,0.39842870831489563,0.5225327014923096
8,LSTM,True,"ADAM,0.001",32,50,83.30180048942566,76.06818079948425,0.3711164891719818,0.5055123567581177
9,LSTM,True,"ADAM,0.001",32,50,84.62162017822266,76.00908875465393,0.34721285104751587,0.5202304124832153
10,LSTM,True,"ADAM,0.001",32,50,85.81531643867493,76.29091143608093,0.32594671845436096,0.5409592986106873
11,LSTM,True,"ADAM,0.001",32,50,86.972975730896,75.56818127632141,0.303180068731308,0.5720252394676208
12,LSTM,True,"ADAM,0.001",32,50,87.8153145313263,75.27272701263428,0.2832517623901367,0.5766394734382629
13,LSTM,True,"ADAM,0.001",32,50,88.61261010169983,75.87272524833679,0.26502472162246704,0.6155466437339783
14,LSTM,True,"ADAM,0.001",32,50,89.8063063621521,75.52727460861206,0.2420889437198639,0.6205435395240784
15,LSTM,True,"ADAM,0.001",32,50,90.71621894836426,75.26363730430603,0.22678634524345398,0.6889469027519226
1,LSTM,True,"ADAM,0.001",32,100,50.788289308547974,51.72727108001709,0.6936637759208679,0.6925010681152344
2,LSTM,True,"ADAM,0.001",32,100,61.427927017211914,65.93636274337769,0.6524930596351624,0.6181879639625549
3,LSTM,True,"ADAM,0.001",32,100,70.90089917182922,70.1590895652771,0.5634318590164185,0.5763095021247864
4,LSTM,True,"ADAM,0.001",32,100,75.02702474594116,73.622727394104,0.5091453194618225,0.5270468592643738
5,LSTM,True,"ADAM,0.001",32,100,77.38288044929504,74.64545369148254,0.4703581631183624,0.5118035078048706
6,LSTM,True,"ADAM,0.001",32,100,79.0675699710846,75.61818361282349,0.43864569067955017,0.5020695328712463
7,LSTM,True,"ADAM,0.001",32,100,80.68017959594727,75.11818408966064,0.41203394532203674,0.5073333978652954
8,LSTM,True,"ADAM,0.001",32,100,82.29279518127441,75.73636174201965,0.3865225613117218,0.5167896151542664
9,LSTM,True,"ADAM,0.001",32,100,83.30630660057068,75.77727437019348,0.3655146062374115,0.5114489197731018
10,LSTM,True,"ADAM,0.001",32,100,84.79729890823364,75.1909077167511,0.3431084156036377,0.5312615036964417
11,LSTM,True,"ADAM,0.001",32,100,85.68468689918518,76.00908875465393,0.32733824849128723,0.5494632720947266
12,LSTM,True,"ADAM,0.001",32,100,86.66666746139526,75.36818385124207,0.3027490973472595,0.5653765797615051
13,LSTM,True,"ADAM,0.001",32,100,87.81080842018127,75.2227246761322,0.2855819761753082,0.574196994304657
14,LSTM,True,"ADAM,0.001",32,100,88.82432579994202,75.84545612335205,0.26568683981895447,0.6150009036064148
15,LSTM,True,"ADAM,0.001",32,100,89.86486196517944,75.38636326789856,0.24600151181221008,0.6236525177955627
1,LSTM,True,"ADAM,0.0001",16,50,52.50900983810425,51.25454664230347,0.6917967796325684,0.6951354146003723
2,LSTM,True,"ADAM,0.0001",16,50,54.067569971084595,53.98181676864624,0.6876428127288818,0.6886821985244751
3,LSTM,True,"ADAM,0.0001",16,50,58.72071981430054,60.96818447113037,0.6723494529724121,0.6601210832595825
4,LSTM,True,"ADAM,0.0001",16,50,63.067567348480225,60.88636517524719,0.6476843357086182,0.6625224947929382
5,LSTM,True,"ADAM,0.0001",16,50,64.59909677505493,63.46818208694458,0.6361697912216187,0.6435575485229492
6,LSTM,True,"ADAM,0.0001",16,50,65.05405306816101,65.16818404197693,0.6291639804840088,0.6285579204559326
7,LSTM,True,"ADAM,0.0001",16,50,66.36486649513245,64.97727036476135,0.6183008551597595,0.6304640769958496
8,LSTM,True,"ADAM,0.0001",16,50,67.32432246208191,64.99999761581421,0.6075995564460754,0.6318460702896118
9,LSTM,True,"ADAM,0.0001",16,50,68.0990993976593,66.6590929031372,0.6004981398582458,0.6128320693969727
10,LSTM,True,"ADAM,0.0001",16,50,68.0450439453125,67.90909171104431,0.5960139632225037,0.6000491976737976
11,LSTM,True,"ADAM,0.0001",16,50,69.21170949935913,68.83636116981506,0.5840263962745667,0.5869513154029846
12,LSTM,True,"ADAM,0.0001",16,50,69.70720887184143,68.2454526424408,0.5778636932373047,0.5925477743148804
13,LSTM,True,"ADAM,0.0001",16,50,70.01351118087769,69.56363916397095,0.5759155750274658,0.5778029561042786
14,LSTM,True,"ADAM,0.0001",16,50,71.02702856063843,69.03636455535889,0.5621163845062256,0.5835354924201965
15,LSTM,True,"ADAM,0.0001",16,50,71.10810875892639,69.94090676307678,0.5601872205734253,0.5729295015335083
1,LSTM,True,"ADAM,0.0001",16,100,51.752251386642456,52.022725343704224,0.6921890377998352,0.6920090317726135
2,LSTM,True,"ADAM,0.0001",16,100,53.99549603462219,53.16363573074341,0.6887744069099426,0.6906910538673401
3,LSTM,True,"ADAM,0.0001",16,100,55.33333420753479,56.34545683860779,0.6839831471443176,0.6811185479164124
4,LSTM,True,"ADAM,0.0001",16,100,61.20270490646362,61.76363825798035,0.6584076881408691,0.6551371216773987
5,LSTM,True,"ADAM,0.0001",16,100,63.945943117141724,64.24545645713806,0.6395598649978638,0.6389109492301941
6,LSTM,True,"ADAM,0.0001",16,100,64.90540504455566,64.98636603355408,0.6326532959938049,0.6326879858970642
7,LSTM,True,"ADAM,0.0001",16,100,65.3873860836029,65.51818251609802,0.6250576376914978,0.6280168890953064
8,LSTM,True,"ADAM,0.0001",16,100,66.66666865348816,66.10000133514404,0.6180002689361572,0.6197214126586914
9,LSTM,True,"ADAM,0.0001",16,100,66.73873662948608,64.81363773345947,0.6131770610809326,0.6305625438690186
10,LSTM,True,"ADAM,0.0001",16,100,67.26576685905457,65.57272672653198,0.6094247102737427,0.6259488463401794
11,LSTM,True,"ADAM,0.0001",16,100,67.84234046936035,67.09545254707336,0.5998731255531311,0.6089850664138794
12,LSTM,True,"ADAM,0.0001",16,100,68.51801872253418,67.76363849639893,0.5951071381568909,0.6025369167327881
13,LSTM,True,"ADAM,0.0001",16,100,68.63062977790833,68.04545521736145,0.5928648114204407,0.5985909104347229
14,LSTM,True,"ADAM,0.0001",16,100,69.11711692810059,68.79090666770935,0.584959864616394,0.5896592736244202
15,LSTM,True,"ADAM,0.0001",16,100,69.43243145942688,68.82272958755493,0.5805259943008423,0.5882946848869324
1,LSTM,True,"ADAM,0.0001",32,50,51.743245124816895,52.06817984580994,0.692528247833252,0.6920663714408875
2,LSTM,True,"ADAM,0.0001",32,50,55.14864921569824,53.56818437576294,0.6852238178253174,0.7134411931037903
3,LSTM,True,"ADAM,0.0001",32,50,60.40090322494507,62.28181719779968,0.6635099053382874,0.654036283493042
4,LSTM,True,"ADAM,0.0001",32,50,63.981980085372925,64.46818113327026,0.6401156187057495,0.6363649368286133
5,LSTM,True,"ADAM,0.0001",32,50,65.33783674240112,65.4409110546112,0.6263064742088318,0.6249487996101379
6,LSTM,True,"ADAM,0.0001",32,50,66.98648929595947,66.07272624969482,0.6104819774627686,0.6172773838043213
7,LSTM,True,"ADAM,0.0001",32,50,68.01801919937134,67.53636598587036,0.6001220345497131,0.6012618541717529
8,LSTM,True,"ADAM,0.0001",32,50,68.68919134140015,68.34545731544495,0.5888779163360596,0.5951737761497498
9,LSTM,True,"ADAM,0.0001",32,50,69.5090115070343,69.2727267742157,0.5818362832069397,0.580851137638092
10,LSTM,True,"ADAM,0.0001",32,50,69.8423445224762,69.52272653579712,0.5746454000473022,0.5763011574745178
11,LSTM,True,"ADAM,0.0001",32,50,71.05405330657959,70.1090931892395,0.5644626021385193,0.5693273544311523
12,LSTM,True,"ADAM,0.0001",32,50,71.1801826953888,70.80000042915344,0.5563149452209473,0.5637063384056091
13,LSTM,True,"ADAM,0.0001",32,50,71.94594740867615,71.14999890327454,0.5474313497543335,0.5549243092536926
14,LSTM,True,"ADAM,0.0001",32,50,72.59008884429932,71.64090871810913,0.5394464731216431,0.5513569116592407
15,LSTM,True,"ADAM,0.0001",32,50,73.1171190738678,71.34090662002563,0.5328535437583923,0.5526218414306641
1,LSTM,True,"ADAM,0.0001",32,100,51.752251386642456,52.16818451881409,0.69248366355896,0.6924265027046204
2,LSTM,True,"ADAM,0.0001",32,100,56.03603720664978,60.55908799171448,0.6811107993125916,0.6661760210990906
3,LSTM,True,"ADAM,0.0001",32,100,61.27477288246155,62.381815910339355,0.6575564742088318,0.6529829502105713
4,LSTM,True,"ADAM,0.0001",32,100,63.39189410209656,63.418179750442505,0.6434260010719299,0.6458009481430054
5,LSTM,True,"ADAM,0.0001",32,100,65.03153443336487,64.86363410949707,0.629814088344574,0.6328730583190918
6,LSTM,True,"ADAM,0.0001",32,100,65.92342257499695,65.42272567749023,0.6197535395622253,0.6241100430488586
7,LSTM,True,"ADAM,0.0001",32,100,67.32432246208191,66.86363816261292,0.6060919761657715,0.6065198183059692
8,LSTM,True,"ADAM,0.0001",32,100,68.00450682640076,67.12727546691895,0.5975428819656372,0.6043065786361694
9,LSTM,True,"ADAM,0.0001",32,100,68.83333325386047,68.50908994674683,0.589979887008667,0.5901708006858826
10,LSTM,True,"ADAM,0.0001",32,100,69.67567801475525,68.91818046569824,0.5793678760528564,0.5833135843276978
11,LSTM,True,"ADAM,0.0001",32,100,70.18017768859863,69.49999928474426,0.5717952251434326,0.5765788555145264
12,LSTM,True,"ADAM,0.0001",32,100,70.3153133392334,68.93181800842285,0.5686122179031372,0.583958089351654
13,LSTM,True,"ADAM,0.0001",32,100,70.81981897354126,70.01363635063171,0.5616057515144348,0.5701311826705933
14,LSTM,True,"ADAM,0.0001",32,100,71.54054045677185,70.45454382896423,0.5564154386520386,0.5726406574249268
15,LSTM,True,"ADAM,0.0001",32,100,71.50900959968567,69.79091167449951,0.5512443780899048,0.571820080280304
1,LSTM,False,"ADAM,0.001",16,50,60.86937189102173,59.727275371551514,0.6522473692893982,0.6481115818023682
2,LSTM,False,"ADAM,0.001",16,50,60.93243360519409,58.15454721450806,0.6602352857589722,0.6715942621231079
3,LSTM,False,"ADAM,0.001",16,50,70.29279470443726,77.63181924819946,0.5747770667076111,0.48988673090934753
4,LSTM,False,"ADAM,0.001",16,50,81.18468523025513,79.22272682189941,0.4226774573326111,0.4497215151786804
5,LSTM,False,"ADAM,0.001",16,50,83.40540528297424,79.63181734085083,0.3808322548866272,0.4446868300437927
6,LSTM,False,"ADAM,0.001",16,50,85.06306409835815,78.8772702217102,0.3518993556499481,0.4622162878513336
7,LSTM,False,"ADAM,0.001",16,50,86.47297024726868,78.94999980926514,0.3229435384273529,0.4745188355445862
8,LSTM,False,"ADAM,0.001",16,50,88.07657361030579,79.0045440196991,0.29499027132987976,0.4966375529766083
9,LSTM,False,"ADAM,0.001",16,50,89.29729461669922,78.5909116268158,0.27035439014434814,0.5186567902565002
10,LSTM,False,"ADAM,0.001",16,50,90.3873860836029,78.34091186523438,0.24790439009666443,0.5385912656784058
1,LSTM,False,"ADAM,0.001",16,100,59.30630564689636,66.15909337997437,0.6672543287277222,0.6309805512428284
2,LSTM,False,"ADAM,0.001",16,100,71.23873829841614,70.4590916633606,0.5757257342338562,0.5824484825134277
3,LSTM,False,"ADAM,0.001",16,100,75.32432675361633,72.61363863945007,0.5299193263053894,0.5975325703620911
4,LSTM,False,"ADAM,0.001",16,100,79.12612557411194,77.31817960739136,0.46788257360458374,0.4910869896411896
5,LSTM,False,"ADAM,0.001",16,100,81.77477717399597,78.78636121749878,0.4118477404117584,0.4683941602706909
6,LSTM,False,"ADAM,0.001",16,100,83.38738679885864,79.06818389892578,0.3784233033657074,0.4613490104675293
7,LSTM,False,"ADAM,0.001",16,100,85.02252101898193,79.37727570533752,0.3479020893573761,0.5072439312934875
8,LSTM,False,"ADAM,0.001",16,100,86.1441433429718,78.28181982040405,0.3230758607387543,0.4928976595401764
9,LSTM,False,"ADAM,0.001",16,100,87.22972869873047,77.89999842643738,0.3027728796005249,0.5104221701622009
10,LSTM,False,"ADAM,0.001",16,100,87.77477741241455,78.66363525390625,0.28692466020584106,0.5298981666564941
1,LSTM,False,"ADAM,0.001",32,50,57.545047998428345,69.44090723991394,0.6757256388664246,0.6170163154602051
2,LSTM,False,"ADAM,0.001",32,50,74.68017935752869,76.42727494239807,0.538358211517334,0.49648866057395935
3,LSTM,False,"ADAM,0.001",32,50,81.19369149208069,79.30908799171448,0.4216943085193634,0.444473534822464
4,LSTM,False,"ADAM,0.001",32,50,83.97297263145447,79.6681821346283,0.36723792552948,0.44319024682044983
5,LSTM,False,"ADAM,0.001",32,50,86.2882912158966,79.37727570533752,0.32410192489624023,0.45631691813468933
6,LSTM,False,"ADAM,0.001",32,50,88.10811042785645,78.96363735198975,0.28747013211250305,0.48139190673828125
7,LSTM,False,"ADAM,0.001",32,50,89.78378176689148,78.34545373916626,0.25095227360725403,0.5182186961174011
8,LSTM,False,"ADAM,0.001",32,50,91.49549603462219,77.7681827545166,0.2176801562309265,0.5565693378448486
9,LSTM,False,"ADAM,0.001",32,50,92.90990829467773,78.06363701820374,0.18823343515396118,0.644630491733551
10,LSTM,False,"ADAM,0.001",32,50,94.21621561050415,77.64999866485596,0.1623489111661911,0.7175431251525879
1,LSTM,False,"ADAM,0.001",32,100,57.91891813278198,71.16818428039551,0.678094208240509,0.599957287311554
2,LSTM,False,"ADAM,0.001",32,100,65.14414548873901,73.93181920051575,0.6210176348686218,0.5613439083099365
3,LSTM,False,"ADAM,0.001",32,100,79.43243384361267,77.74090766906738,0.4621873199939728,0.4949069023132324
4,LSTM,False,"ADAM,0.001",32,100,83.53603482246399,78.61818075180054,0.38476112484931946,0.4682483673095703
5,LSTM,False,"ADAM,0.001",32,100,85.23873686790466,78.22272777557373,0.3458689749240875,0.48137831687927246
6,LSTM,False,"ADAM,0.001",32,100,86.68468594551086,78.07727456092834,0.317267507314682,0.4993950128555298
7,LSTM,False,"ADAM,0.001",32,100,88.03603649139404,77.99999713897705,0.28892746567726135,0.521635890007019
8,LSTM,False,"ADAM,0.001",32,100,89.06756639480591,77.71818041801453,0.2652292549610138,0.5536233186721802
9,LSTM,False,"ADAM,0.001",32,100,90.24324417114258,77.42727398872375,0.24167084693908691,0.5916586518287659
10,LSTM,False,"ADAM,0.001",32,100,91.24324321746826,77.19091176986694,0.22128640115261078,0.6342237591743469
1,LSTM,False,"ADAM,0.0001",16,50,54.783785343170166,64.53636288642883,0.6837141513824463,0.6153383255004883
2,LSTM,False,"ADAM,0.0001",16,50,72.6036012172699,74.04090762138367,0.5528184771537781,0.5359769463539124
3,LSTM,False,"ADAM,0.0001",16,50,78.07657718658447,75.86363554000854,0.4833807647228241,0.5076302289962769
4,LSTM,False,"ADAM,0.0001",16,50,79.95945811271667,77.41363644599915,0.4509977400302887,0.49235835671424866
5,LSTM,False,"ADAM,0.0001",16,50,81.36937022209167,78.01818251609802,0.424643337726593,0.4808657467365265
6,LSTM,False,"ADAM,0.0001",16,50,82.5360357761383,78.6227285861969,0.40549296140670776,0.48143771290779114
7,LSTM,False,"ADAM,0.0001",16,50,83.35134983062744,78.73181700706482,0.3901004195213318,0.4725188910961151
8,LSTM,False,"ADAM,0.0001",16,50,83.97747874259949,78.93636226654053,0.3793182969093323,0.471830815076828
9,LSTM,False,"ADAM,0.0001",16,50,84.37387347221375,78.91818284988403,0.3714781701564789,0.4657840132713318
10,LSTM,False,"ADAM,0.0001",16,50,84.74774956703186,79.17272448539734,0.3638235628604889,0.4766440689563751
1,LSTM,False,"ADAM,0.0001",16,100,53.72973084449768,54.91818189620972,0.6902893781661987,0.6863035559654236
2,LSTM,False,"ADAM,0.0001",16,100,66.1621630191803,72.06818461418152,0.6125348806381226,0.5578319430351257
3,LSTM,False,"ADAM,0.0001",16,100,75.74774622917175,74.66363906860352,0.5088847279548645,0.5236688852310181
4,LSTM,False,"ADAM,0.0001",16,100,78.09008955955505,76.30454301834106,0.4714716672897339,0.5142651200294495
5,LSTM,False,"ADAM,0.0001",16,100,79.95045185089111,77.20909118652344,0.4460848271846771,0.5051919221878052
6,LSTM,False,"ADAM,0.0001",16,100,80.86937069892883,77.46363878250122,0.4297655522823334,0.49398499727249146
7,LSTM,False,"ADAM,0.0001",16,100,81.76125884056091,77.9772698879242,0.4154479205608368,0.49351561069488525
8,LSTM,False,"ADAM,0.0001",16,100,82.50901103019714,78.04545164108276,0.40384307503700256,0.48840412497520447
9,LSTM,False,"ADAM,0.0001",16,100,83.10810923576355,78.21817994117737,0.39460402727127075,0.48537886142730713
10,LSTM,False,"ADAM,0.0001",16,100,83.47747921943665,78.4500002861023,0.38868555426597595,0.4877632260322571
1,LSTM,False,"ADAM,0.0001",32,50,55.84233999252319,63.336366415023804,0.6787879467010498,0.6248445510864258
2,LSTM,False,"ADAM,0.0001",32,50,74.87837672233582,78.21363806724548,0.5144578218460083,0.4699738025665283
3,LSTM,False,"ADAM,0.0001",32,50,80.86937069892883,79.1590929031372,0.41917288303375244,0.45377132296562195
4,LSTM,False,"ADAM,0.0001",32,50,82.60810971260071,79.75000143051147,0.3894939124584198,0.43647322058677673
5,LSTM,False,"ADAM,0.0001",32,50,83.18918943405151,79.83636260032654,0.37579140067100525,0.4401838183403015
6,LSTM,False,"ADAM,0.0001",32,50,83.8378369808197,79.8409104347229,0.365386962890625,0.45043423771858215
7,LSTM,False,"ADAM,0.0001",32,50,83.9819848537445,79.89545464515686,0.35836583375930786,0.4424911439418793
8,LSTM,False,"ADAM,0.0001",32,50,84.50450301170349,79.78636622428894,0.35084426403045654,0.45002809166908264
9,LSTM,False,"ADAM,0.0001",32,50,84.67567563056946,79.50000166893005,0.3447073996067047,0.4697709083557129
10,LSTM,False,"ADAM,0.0001",32,50,84.83783602714539,79.53181862831116,0.33889707922935486,0.4557783305644989
1,LSTM,False,"ADAM,0.0001",32,100,55.31531572341919,64.5909070968628,0.6799739599227905,0.6135022044181824
2,LSTM,False,"ADAM,0.0001",32,100,73.87387156486511,76.7409086227417,0.5291548371315002,0.5023922324180603
3,LSTM,False,"ADAM,0.0001",32,100,80.27477264404297,78.63181829452515,0.4376613199710846,0.46075183153152466
4,LSTM,False,"ADAM,0.0001",32,100,82.32882618904114,79.33181524276733,0.4011603593826294,0.4510146975517273
5,LSTM,False,"ADAM,0.0001",32,100,83.36936831474304,79.32272553443909,0.38198941946029663,0.4477230906486511
6,LSTM,False,"ADAM,0.0001",32,100,83.86036157608032,79.75909113883972,0.37064841389656067,0.44477590918540955
7,LSTM,False,"ADAM,0.0001",32,100,84.25225019454956,79.75909113883972,0.36364930868148804,0.4420856237411499
8,LSTM,False,"ADAM,0.0001",32,100,84.44144129753113,79.34545278549194,0.3558053970336914,0.4535371661186218
9,LSTM,False,"ADAM,0.0001",32,100,84.74324345588684,79.50454354286194,0.3506445586681366,0.46191897988319397
10,LSTM,False,"ADAM,0.0001",32,100,84.74324345588684,79.59545254707336,0.3479810059070587,0.46479910612106323
